nodes,edges,clusters,k,t,degree_of_anonymity,t_closeness_percent,information_loss,execution_time_sec
4039,88234,10,10,0.7,403.900,80.0,0.009828,5.7658
4039,88234,15,10,0.7,269.266,80.0,0.004266,5.5596
4039,88234,20,10,0.7,201.950,75.0,0.002452,6.1193
4039,88234,30,10,0.7,134.633,76.67,0.001134,5.8588
4039,88234,10,5,0.7,403.9,80.0,0.009828,5.529
4039,88234,15,5,0.7,269.267,80.0,0.004266,5.6624
4039,88234,20,5,0.7,201.95,75.0,0.002452,5.6043
4039,88234,30,5,0.7,134.633,76.67,0.001134,5.7891
